"http://www.indeed.com/";"?";"14200000";"?";"13824927";"?";"167";"?";"whois";"source";"?";"?"
"http://www.indeed.com/resumes?isid=find-resumes&ikw=SERPtop&co=US&hl=en";"?";"14200000";"?";"13824927";"?";"167";"?";"whois";"source";"?";"?"
"http://www.indeed.com/promo/resume";"?";"14200000";"?";"13824927";"?";"167";"?";"whois";"source";"?";"?"
"http://www.indeed.com/account/login?dest=%2Fjobs%3Fq%3Dsoftware%2Bengineer%2B%28%2522contributes%2Bto%2Bopen%2Bsource%2522%2Bor%2B%2522enthusiastic%2Babout%2Bopen%2Bsource%2522%2Bor%2B%2522we%2Bcontribute%2Bto%2Bopen%2Bsource%2522%2Bor%2B%2522open%2Bsource%2Bstack%2522%2Bor%2B%2522passion%2Bfor%2Bopen%2Bsource%2522%29%26jt%3Dfulltime%26limit%3D100%26fromage%3D7";"?";"14200000";"?";"13824927";"?";"167";"?";"whois";"source";"?";"?"
"http://www.indeed.com/advanced_search?q=software+engineer+%28%22contributes+to+open+source%22+or+%22enthusiastic+about+open+source%22+or+%22we+contribute+to+open+source%22+or+%22open+source+stack%22+or+%22passion+for+open+source%22%29&jt=fulltime&limit=100&fromage=7";"?";"14200000";"?";"13824927";"?";"167";"?";"whois";"source";"?";"?"
"http://www.indeed.com/jobs?q=startup+%22software+engineer%22&l=&limit=100&rs=1&fromage=last";"?";"14200000";"?";"13824927";"?";"167";"?";"whois";"source";"?";"?"
"http://www.indeed.com/jobs?q=software+developer+%28kegerator+or+gym+or+%22ping+pong%22+or+foosball+or+%22fitness+center%22+or+%22pool+table%22+or+%22catered+lunches%22%29&l=&limit=100&rs=1&fromage=last";"?";"14200000";"?";"13824927";"?";"167";"?";"whois";"source";"?";"?"
"http://www.indeed.com/jobs?q=software+developer+%28nosql+or+mongodb+or+cassandra+or+hadoop+or+hbase+or+clojure+or+haskell%29&l=&limit=100&rs=1&fromage=last";"?";"14200000";"?";"13824927";"?";"167";"?";"whois";"source";"?";"?"
"http://www.indeed.com/jobs?q=software+engineer+%28genome+or+bioinformatics+or+poverty+or+%22world+a+better+place%22+or+%22green+energy%22+or+%22social+impact%22%29&l=&limit=100&rs=1&fromage=last";"?";"14200000";"?";"13824927";"?";"167";"?";"whois";"source";"?";"?"
"http://www.indeed.com/jobs?q=software+engineer&l=remote&rs=1&fromage=last";"?";"14200000";"?";"13824927";"?";"167";"?";"whois";"source";"?";"?"
"http://www.indeed.com/jobs?q=software+engineer+%28&l=&rs=1";"?";"14200000";"?";"13824927";"?";"167";"?";"whois";"source";"?";"?"
"http://www.indeed.com/jobs?q=software+engineer+%28nosql+or+mongodb+or+cassandra+or+hadoop+or+hbase+or+clojure+or+haskell%29&l=&limit=100&rs=1&fromage=last";"?";"14200000";"?";"13824927";"?";"167";"?";"whois";"source";"?";"?"
"http://www.indeed.com/jobs?q=software+developer+%28genome+or+bioinformatics+or+poverty+or+%22world+a+better+place%22+or+%22green+energy%22+or+%22social+impact%22%29&l=&rs=1&fromage=last";"?";"14200000";"?";"13824927";"?";"167";"?";"whois";"source";"?";"?"
"http://www.indeed.com/?cls";"?";"14200000";"?";"13824927";"?";"167";"?";"whois";"source";"?";"?"
"http://www.indeed.com/jobs?q=software+engineer+%28%22contributes+to+open+source%22+or+%22enthusiastic+about+open+source%22+or+%22we+contribute+to+open+source%22+or+%22open+source+stack%22+or+%22passion+for+open+source%22%29&jt=fulltime&limit=100&fromage=7&sort=date";"?";"14200000";"?";"13824927";"?";"167";"?";"whois";"source";"?";"?"
"http://www.indeed.com/jobs?q=software+engineer+(%22contributes+to+open+source%22+or+%22enthusiastic+about+open+source%22+or+%22we+contribute+to+open+source%22+or+%22open+source+stack%22+or+%22passion+for+open+source%22)&limit=100&fromage=7";"?";"14200000";"?";"13824927";"?";"167";"?";"whois";"source";"?";"?"
"http://www.indeed.com/jobs?q=software+engineer+(%22contributes+to+open+source%22+or+%22enthusiastic+about+open+source%22+or+%22we+contribute+to+open+source%22+or+%22open+source+stack%22+or+%22passion+for+open+source%22)+$50000&jt=fulltime&limit=100&fromage=7";"?";"14200000";"?";"13824927";"?";"167";"?";"whois";"source";"?";"?"
"http://www.indeed.com/jobs?q=software+engineer+(%22contributes+to+open+source%22+or+%22enthusiastic+about+open+source%22+or+%22we+contribute+to+open+source%22+or+%22open+source+stack%22+or+%22passion+for+open+source%22)+$70000&jt=fulltime&limit=100&fromage=7";"?";"14200000";"?";"13824927";"?";"167";"?";"whois";"source";"?";"?"
"http://www.indeed.com/jobs?q=software+engineer+(%22contributes+to+open+source%22+or+%22enthusiastic+about+open+source%22+or+%22we+contribute+to+open+source%22+or+%22open+source+stack%22+or+%22passion+for+open+source%22)+$90000&jt=fulltime&limit=100&fromage=7";"?";"14200000";"?";"13824927";"?";"167";"?";"whois";"source";"?";"?"
"http://www.indeed.com/jobs?q=software+engineer+(%22contributes+to+open+source%22+or+%22enthusiastic+about+open+source%22+or+%22we+contribute+to+open+source%22+or+%22open+source+stack%22+or+%22passion+for+open+source%22)+$110000&jt=fulltime&limit=100&fromage=7";"?";"14200000";"?";"13824927";"?";"167";"?";"whois";"source";"?";"?"
"http://www.indeed.com/jobs?q=software+engineer+(%22contributes+to+open+source%22+or+%22enthusiastic+about+open+source%22+or+%22we+contribute+to+open+source%22+or+%22open+source+stack%22+or+%22passion+for+open+source%22)+$150000&jt=fulltime&limit=100&fromage=7";"?";"14200000";"?";"13824927";"?";"167";"?";"whois";"source";"?";"?"
"http://www.indeed.com/jobs?q=software+engineer+%28%22contributes+to+open+source%22+or+%22enthusiastic+about+open+source%22+or+%22we+contribute+to+open+source%22+or+%22open+source+stack%22+or+%22passion+for+open+source%22%29&jt=fulltime&limit=100&fromage=last";"?";"14200000";"?";"13824927";"?";"167";"?";"whois";"source";"?";"?"
"http://www.indeed.com/rc/clk?jk=c4127ad4d1c9904a";"?";"14200000";"?";"13824927";"?";"167";"?";"whois";"source";"?";"?"
"http://www.indeed.com/cmp/Red-Hat/reviews";"?";"14200000";"?";"13824927";"?";"167";"?";"whois";"source";"?";"?"
"http://www.indeed.com/jobs?q=software+engineer+%28%22contributes+to+open+source%22+or+%22enthusiastic+about+open+source%22+or+%22we+contribute+to+open+source%22+or+%22open+source+stack%22+or+%22passion+for+open+source%22%29&rbt=Software+Engineer+-+Java+Virtual+Machine&rbc=Red+Hat%2C+Inc.&jtid=5d7c9fd4e44d434d&jcid=4f20080632c23a18&jt=fulltime&limit=100&fromage=7&grp=tcl";"?";"14200000";"?";"13824927";"?";"167";"?";"whois";"source";"?";"?"
"http://www.indeed.com/jobs?q=software+engineer+(%22contributes+to+open+source%22+or+%22enthusiastic+about+open+source%22+or+%22we+contribute+to+open+source%22+or+%22open+source+stack%22+or+%22passion+for+open+source%22)&jt=fulltime&limit=100&fromage=7";"?";"14200000";"0";"13824927";"?";"167";"?";"whois";"source";"?";"?"
"http://www.indeed.com/q-Red-Hat-l-Westford-MA-jobs.html";"?";"14200000";"?";"13824927";"?";"167";"?";"whois";"source";"?";"?"
"http://www.indeed.com/l-Westford-MA-jobs.html";"?";"14200000";"?";"13824927";"?";"167";"?";"whois";"source";"?";"?"
"http://www.indeed.com/salary?q1=Software+Engineer&l1=Westford%2C+MA";"?";"14200000";"?";"13824927";"?";"167";"?";"whois";"source";"?";"?"
"http://www.indeed.com/cmp/Red-Hat";"?";"14200000";"?";"13824927";"?";"167";"?";"whois";"source";"?";"?"
"http://www.indeed.com/forum/cmp/Red-Hat.html";"?";"14200000";"?";"13824927";"?";"167";"?";"whois";"source";"?";"?"
"http://www.indeed.com/rc/clk?jk=0152d2f9b685e41c";"?";"14200000";"?";"13824927";"?";"167";"?";"whois";"source";"?";"?"
"http://www.indeed.com/rc/clk?jk=66913c11940d0a7c";"?";"14200000";"?";"13824927";"?";"167";"?";"whois";"source";"?";"?"
"http://www.indeed.com/q-Red-Hat-l-Raleigh-NC-jobs.html";"?";"14200000";"?";"13824927";"?";"167";"?";"whois";"source";"?";"?"
"http://www.indeed.com/l-Raleigh-NC-jobs.html";"?";"14200000";"?";"13824927";"?";"167";"?";"whois";"source";"?";"?"
"http://www.indeed.com/salary?q1=Software+Application+Engineer&l1=Raleigh%2C+NC";"?";"14200000";"?";"13824927";"?";"167";"?";"whois";"source";"?";"?"
"http://www.indeed.com/rc/clk?jk=747e9c515262735b";"?";"14200000";"?";"13824927";"?";"167";"?";"whois";"source";"?";"?"
"http://www.indeed.com/salary?q1=Principal+Software+Engineer&l1=Westford%2C+MA";"?";"14200000";"?";"13824927";"?";"167";"?";"whois";"source";"?";"?"
"http://www.indeed.com/rc/clk?jk=149690afe6a7c731";"?";"14200000";"?";"13824927";"?";"167";"?";"whois";"source";"?";"?"
"http://www.indeed.com/salary?q1=Software+Engineer&l1=Raleigh%2C+NC";"?";"14200000";"?";"13824927";"?";"167";"?";"whois";"source";"?";"?"
"http://www.indeed.com/rc/clk?jk=b605ed19abfb0f34";"?";"14200000";"?";"13824927";"?";"167";"?";"whois";"source";"?";"?"
"http://www.indeed.com/q-Red-Hat-l-Mountain-View-CA-jobs.html";"?";"14200000";"?";"13824927";"?";"167";"?";"whois";"source";"?";"?"
"http://www.indeed.com/l-Mountain-View-CA-jobs.html";"?";"14200000";"?";"13824927";"?";"167";"?";"whois";"source";"?";"?"
"http://www.indeed.com/salary?q1=Principal+Software+Engineer&l1=Mountain+View%2C+CA";"?";"14200000";"?";"13824927";"?";"167";"?";"whois";"source";"?";"?"
"http://www.indeed.com/rc/clk?jk=13a4708de77a4243";"?";"14200000";"?";"13824927";"?";"167";"?";"whois";"source";"?";"?"
"http://www.indeed.com/l-Boston-MA-jobs.html";"?";"14200000";"?";"13824927";"?";"167";"?";"whois";"source";"?";"?"
"http://www.indeed.com/salary?q1=Software+Engineer&l1=Boston%2C+MA";"?";"14200000";"?";"13824927";"?";"167";"?";"whois";"source";"?";"?"
"http://www.indeed.com/forum/cmp/Wso2.html";"?";"14200000";"?";"13824927";"?";"167";"?";"whois";"source";"?";"?"
"http://www.indeed.com/rc/clk?jk=c59eaf6d20522c2b";"?";"14200000";"?";"13824927";"?";"167";"?";"whois";"source";"?";"?"
"http://www.indeed.com/rc/clk?jk=961099c96b5d631e";"?";"14200000";"?";"13824927";"?";"167";"?";"whois";"source";"?";"?"
"http://www.indeed.com/salary?q1=Principal+Quality+Engineer&l1=Westford%2C+MA";"?";"14200000";"?";"13824927";"?";"167";"?";"whois";"source";"?";"?"
"http://www.indeed.com/rc/clk?jk=76ad9818d4e06d02";"?";"14200000";"?";"13824927";"?";"167";"?";"whois";"source";"?";"?"
"http://www.indeed.com/salary?q1=Junior+C+Developer&l1=Westford%2C+MA";"?";"14200000";"?";"13824927";"?";"167";"?";"whois";"source";"?";"?"
"http://www.indeed.com/rc/clk?jk=2fb032ce96398cb6";"?";"14200000";"?";"13824927";"?";"167";"?";"whois";"source";"?";"?"
"http://www.indeed.com/salary?q1=Performance+Engineer&l1=Westford%2C+MA";"?";"14200000";"?";"13824927";"?";"167";"?";"whois";"source";"?";"?"
"http://www.indeed.com/rc/clk?jk=1189963365dcb29b";"?";"14200000";"?";"13824927";"?";"167";"?";"whois";"source";"?";"?"
"http://www.indeed.com/salary?q1=Senior+Software+Application+Engineer&l1=Raleigh%2C+NC";"?";"14200000";"?";"13824927";"?";"167";"?";"whois";"source";"?";"?"
"http://www.indeed.com/rc/clk?jk=dbbc8301b0cca5ca";"?";"14200000";"?";"13824927";"?";"167";"?";"whois";"source";"?";"?"
"http://www.indeed.com/q-Enova-Financial-Holdings-l-Chicago-IL-jobs.html";"?";"14200000";"?";"13824927";"?";"167";"?";"whois";"source";"?";"?"
"http://www.indeed.com/l-Chicago-IL-jobs.html";"?";"14200000";"?";"13824927";"?";"167";"?";"whois";"source";"?";"?"
"http://www.indeed.com/salary?q1=Ui+Engineer&l1=Chicago%2C+IL";"?";"14200000";"?";"13824927";"?";"167";"?";"whois";"source";"?";"?"
"http://www.indeed.com/cmp/Enova-Financial-Holdings-LLC";"?";"14200000";"?";"13824927";"?";"167";"?";"whois";"source";"?";"?"
"http://www.indeed.com/forum/cmp/Enova-Financial-Holdings%2C-LLC.html";"?";"14200000";"?";"13824927";"?";"167";"?";"whois";"source";"?";"?"
"http://www.indeed.com/rc/clk?jk=cfd37eefbda96883";"?";"14200000";"?";"13824927";"?";"167";"?";"whois";"source";"?";"?"
"http://www.indeed.com/q-Spanfeller-Media-Group-l-New-York-NY-jobs.html";"?";"14200000";"?";"13824927";"?";"167";"?";"whois";"source";"?";"?"
"http://www.indeed.com/l-New-York-NY-jobs.html";"?";"14200000";"?";"13824927";"?";"167";"?";"whois";"source";"?";"?"
"http://www.indeed.com/salary?q1=Senior+System+Administrator&l1=New+York%2C+NY";"?";"14200000";"?";"13824927";"?";"167";"?";"whois";"source";"?";"?"
"http://www.indeed.com/cmp/Spanfeller-Media-Group";"?";"14200000";"?";"13824927";"?";"167";"?";"whois";"source";"?";"?"
"http://www.indeed.com/forum/cmp/Spanfeller-Media-Group.html";"?";"14200000";"?";"13824927";"?";"167";"?";"whois";"source";"?";"?"
"http://www.indeed.com/rc/clk?jk=32382fb4cd5af302";"?";"14200000";"?";"13824927";"?";"167";"?";"whois";"source";"?";"?"
"http://www.indeed.com/cmp/Intuit/reviews";"?";"14200000";"?";"13824927";"?";"167";"?";"whois";"source";"?";"?"
"http://www.indeed.com/q-Intuit-l-Menlo-Park-CA-jobs.html";"?";"14200000";"?";"13824927";"?";"167";"?";"whois";"source";"?";"?"
"http://www.indeed.com/l-Menlo-Park-CA-jobs.html";"?";"14200000";"?";"13824927";"?";"167";"?";"whois";"source";"?";"?"
"http://www.indeed.com/salary?q1=Distinguished+Engineer&l1=Menlo+Park%2C+CA";"?";"14200000";"?";"13824927";"?";"167";"?";"whois";"source";"?";"?"
"http://www.indeed.com/cmp/Intuit";"?";"14200000";"?";"13824927";"?";"167";"?";"whois";"source";"?";"?"
"http://www.indeed.com/forum/cmp/Intuit.html";"?";"14200000";"?";"13824927";"?";"167";"?";"whois";"source";"?";"?"
"http://www.indeed.com/rc/clk?jk=a69c1b87cfaef511";"?";"14200000";"?";"13824927";"?";"167";"?";"whois";"source";"?";"?"
"http://www.indeed.com/q-Openclinica-l-Waltham-MA-jobs.html";"?";"14200000";"?";"13824927";"?";"167";"?";"whois";"source";"?";"?"
"http://www.indeed.com/l-Waltham-MA-jobs.html";"?";"14200000";"?";"13824927";"?";"167";"?";"whois";"source";"?";"?"
"http://www.indeed.com/salary?q1=Senior+Quality+Engineer&l1=Waltham%2C+MA";"?";"14200000";"?";"13824927";"?";"167";"?";"whois";"source";"?";"?"
"http://www.indeed.com/forum/cmp/Openclinica-LLC.html";"?";"14200000";"?";"13824927";"?";"167";"?";"whois";"source";"?";"?"
"http://www.indeed.com/rc/clk?jk=7bc92652df5249ad";"?";"14200000";"?";"13824927";"?";"167";"?";"whois";"source";"?";"?"
"http://www.indeed.com/cmp/Enova-Financial/reviews";"?";"14200000";"?";"13824927";"?";"167";"?";"whois";"source";"?";"?"
"http://www.indeed.com/q-Enova-Financial-l-Chicago-IL-jobs.html";"?";"14200000";"?";"13824927";"?";"167";"?";"whois";"source";"?";"?"
"http://www.indeed.com/cmp/Enova-Financial";"?";"14200000";"?";"13824927";"?";"167";"?";"whois";"source";"?";"?"
"http://www.indeed.com/forum/cmp/Enova-Financial.html";"?";"14200000";"?";"13824927";"?";"167";"?";"whois";"source";"?";"?"
"http://www.indeed.com/rc/clk?jk=c7b7d8c09f755879";"?";"14200000";"?";"13824927";"?";"167";"?";"whois";"source";"?";"?"
"http://www.indeed.com/jobs?q=software+engineer+%28%22contributes+to+open+source%22+or+%22enthusiastic+about+open+source%22+or+%22we+contribute+to+open+source%22+or+%22open+source+stack%22+or+%22passion+for+open+source%22%29&rbt=Platform+Solutions+Architect&rbc=Red+Hat%2C+Inc.&jtid=af5c68f666112f1a&jcid=4f20080632c23a18&jt=fulltime&limit=100&fromage=7&grp=tcl";"?";"14200000";"?";"13824927";"?";"167";"?";"whois";"source";"?";"?"
"http://www.indeed.com/q-Red-Hat-l-Atlanta-GA-jobs.html";"?";"14200000";"?";"13824927";"?";"167";"?";"whois";"source";"?";"?"
"http://www.indeed.com/l-Atlanta-GA-jobs.html";"?";"14200000";"?";"13824927";"?";"167";"?";"whois";"source";"?";"?"
"http://www.indeed.com/salary?q1=Platform+Solution+Architect&l1=Atlanta%2C+GA";"?";"14200000";"?";"13824927";"?";"167";"?";"whois";"source";"?";"?"
"http://www.indeed.com/rc/clk?jk=064966aaf47bf2f4";"?";"14200000";"?";"13824927";"?";"167";"?";"whois";"source";"?";"?"
"http://www.indeed.com/jobs?q=software+engineer+%28%22contributes+to+open+source%22+or+%22enthusiastic+about+open+source%22+or+%22we+contribute+to+open+source%22+or+%22open+source+stack%22+or+%22passion+for+open+source%22%29&rbt=Channel+Solutions+Architect&rbc=Red+Hat%2C+Inc.&jtid=6d2b6bdb9aca3f1c&jcid=4f20080632c23a18&jt=fulltime&limit=100&fromage=7&grp=tcl";"?";"14200000";"?";"13824927";"?";"167";"?";"whois";"source";"?";"?"
"http://www.indeed.com/salary?q1=Channel+Solution+Architect&l1=Atlanta%2C+GA";"?";"14200000";"?";"13824927";"?";"167";"?";"whois";"source";"?";"?"
"http://www.indeed.com/rc/clk?jk=2843f3967532ff7a";"?";"14200000";"?";"13824927";"?";"167";"?";"whois";"source";"?";"?"
"http://www.indeed.com/salary?q1=Senior+Javascript+Software+Engineer&l1=Waltham%2C+MA";"?";"14200000";"?";"13824927";"?";"167";"?";"whois";"source";"?";"?"
"http://www.indeed.com/rc/clk?jk=53cda6482099b6d9";"?";"14200000";"?";"13824927";"?";"167";"?";"whois";"source";"?";"?"
"http://www.indeed.com/salary?q1=Senior+Java+Software+Engineer&l1=Waltham%2C+MA";"?";"14200000";"?";"13824927";"?";"167";"?";"whois";"source";"?";"?"
"http://www.indeed.com/rc/clk?jk=07a865fec970f36e";"?";"14200000";"?";"13824927";"?";"167";"?";"whois";"source";"?";"?"
"http://www.indeed.com/jobs?q=software+engineer+%28%22contributes+to+open+source%22+or+%22enthusiastic+about+open+source%22+or+%22we+contribute+to+open+source%22+or+%22open+source+stack%22+or+%22passion+for+open+source%22%29&rbt=Middleware+Solutions+Architect&rbc=Red+Hat%2C+Inc.&jtid=38a5d1e66cbd8ea7&jcid=4f20080632c23a18&jt=fulltime&limit=100&fromage=7&grp=tcl";"?";"14200000";"?";"13824927";"?";"167";"?";"whois";"source";"?";"?"
"http://www.indeed.com/q-Red-Hat-l-Manchester-NH-jobs.html";"?";"14200000";"?";"13824927";"?";"167";"?";"whois";"source";"?";"?"
"http://www.indeed.com/l-Manchester-NH-jobs.html";"?";"14200000";"?";"13824927";"?";"167";"?";"whois";"source";"?";"?"
"http://www.indeed.com/salary?q1=Middleware+Solution+Architect&l1=Manchester%2C+NH";"?";"14200000";"?";"13824927";"?";"167";"?";"whois";"source";"?";"?"
"http://www.indeed.com/rc/clk?jk=2b41371ee28f2f7d";"?";"14200000";"?";"13824927";"?";"167";"?";"whois";"source";"?";"?"
"http://www.indeed.com/salary?q1=Storage+Solution+Marketing+Architect&l1=Mountain+View%2C+CA";"?";"14200000";"?";"13824927";"?";"167";"?";"whois";"source";"?";"?"
"http://www.indeed.com/rc/clk?jk=f45d05e456a2168e";"?";"14200000";"?";"13824927";"?";"167";"?";"whois";"source";"?";"?"
"http://www.indeed.com/q-Aweber-l-Chalfont-PA-jobs.html";"?";"14200000";"?";"13824927";"?";"167";"?";"whois";"source";"?";"?"
"http://www.indeed.com/l-Chalfont-PA-jobs.html";"?";"14200000";"?";"13824927";"?";"167";"?";"whois";"source";"?";"?"
"http://www.indeed.com/salary?q1=Web+Infrastructure+Architect&l1=Chalfont%2C+PA";"?";"14200000";"?";"13824927";"?";"167";"?";"whois";"source";"?";"?"
"http://www.indeed.com/cmp/Aweber";"?";"14200000";"?";"13824927";"?";"167";"?";"whois";"source";"?";"?"
"http://www.indeed.com/forum/cmp/Aweber.html";"?";"14200000";"?";"13824927";"?";"167";"?";"whois";"source";"?";"?"
"http://www.indeed.com/rc/clk?jk=1fb4bf338c847be4";"?";"14200000";"?";"13824927";"?";"167";"?";"whois";"source";"?";"?"
"http://www.indeed.com/salary?q1=Project+Manager&l1=Westford%2C+MA";"?";"14200000";"?";"13824927";"?";"167";"?";"whois";"source";"?";"?"
"http://www.indeed.com/rc/clk?jk=325703e138e10146";"?";"14200000";"?";"13824927";"?";"167";"?";"whois";"source";"?";"?"
"http://www.indeed.com/q-Red-Hat-l-Minneapolis-MN-jobs.html";"?";"14200000";"?";"13824927";"?";"167";"?";"whois";"source";"?";"?"
"http://www.indeed.com/l-Minneapolis-MN-jobs.html";"?";"14200000";"?";"13824927";"?";"167";"?";"whois";"source";"?";"?"
"http://www.indeed.com/salary?q1=Technical+Support+Relationship+Manager&l1=Minneapolis%2C+MN";"?";"14200000";"?";"13824927";"?";"167";"?";"whois";"source";"?";"?"
"http://www.indeed.com/rc/clk?jk=0e118486d3ab1d7b";"?";"14200000";"?";"13824927";"?";"167";"?";"whois";"source";"?";"?"
"http://www.indeed.com/jobs?q=software+engineer+%28%22contributes+to+open+source%22+or+%22enthusiastic+about+open+source%22+or+%22we+contribute+to+open+source%22+or+%22open+source+stack%22+or+%22passion+for+open+source%22%29&rbt=Python+Software+Engineer+-+Certification+Test+Server&rbc=Red+Hat%2C+Inc.&jtid=40ee1bbe23f28307&jcid=4f20080632c23a18&jt=fulltime&limit=100&fromage=7&grp=tcl";"?";"14200000";"?";"13824927";"?";"167";"?";"whois";"source";"?";"?"
"http://www.indeed.com/salary?q1=Python+Software+Engineer&l1=Westford%2C+MA";"?";"14200000";"?";"13824927";"?";"167";"?";"whois";"source";"?";"?"
"http://www.indeed.com/rc/clk?jk=42fb243b513932d1";"?";"14200000";"?";"13824927";"?";"167";"?";"whois";"source";"?";"?"
"http://www.indeed.com/cmp/Openx/reviews";"?";"14200000";"?";"13824927";"?";"167";"?";"whois";"source";"?";"?"
"http://www.indeed.com/q-Openx-l-Pasadena-CA-jobs.html";"?";"14200000";"?";"13824927";"?";"167";"?";"whois";"source";"?";"?"
"http://www.indeed.com/l-Pasadena-CA-jobs.html";"?";"14200000";"?";"13824927";"?";"167";"?";"whois";"source";"?";"?"
"http://www.indeed.com/salary?q1=Site+Reliability+Engineer&l1=Pasadena%2C+CA";"?";"14200000";"?";"13824927";"?";"167";"?";"whois";"source";"?";"?"
"http://www.indeed.com/cmp/Openx";"?";"14200000";"?";"13824927";"?";"167";"?";"whois";"source";"?";"?"
"http://www.indeed.com/forum/cmp/Openx.html";"?";"14200000";"?";"13824927";"?";"167";"?";"whois";"source";"?";"?"
"http://www.indeed.com/rc/clk?jk=974e47bea52752ee";"?";"14200000";"?";"13824927";"?";"167";"?";"whois";"source";"?";"?"
"http://www.indeed.com/cmp/The-Washington-Post/reviews";"?";"14200000";"?";"13824927";"?";"167";"?";"whois";"source";"?";"?"
"http://www.indeed.com/q-The-Washington-Post-l-Washington-DC-jobs.html";"?";"14200000";"?";"13824927";"?";"167";"?";"whois";"source";"?";"?"
"http://www.indeed.com/l-Washington-DC-jobs.html";"?";"14200000";"?";"13824927";"?";"167";"?";"whois";"source";"?";"?"
"http://www.indeed.com/salary?q1=Senior+Developer&l1=Washington%2C+DC";"?";"14200000";"?";"13824927";"?";"167";"?";"whois";"source";"?";"?"
"http://www.indeed.com/cmp/The-Washington-Post";"?";"14200000";"?";"13824927";"?";"167";"?";"whois";"source";"?";"?"
"http://www.indeed.com/forum/cmp/The-Washington-Post.html";"?";"14200000";"?";"13824927";"?";"167";"?";"whois";"source";"?";"?"
"http://www.indeed.com/rc/clk?jk=81dbe2b0ec3a1bac";"?";"14200000";"?";"13824927";"?";"167";"?";"whois";"source";"?";"?"
"http://www.indeed.com/q-Secure-Innovations-l-Virginia-jobs.html";"?";"14200000";"?";"13824927";"?";"167";"?";"whois";"source";"?";"?"
"http://www.indeed.com/l-Virginia-jobs.html";"?";"14200000";"?";"13824927";"?";"167";"?";"whois";"source";"?";"?"
"http://www.indeed.com/salary?q1=Red+Hat+Security+Engineer&l1=Virginia";"?";"14200000";"?";"13824927";"?";"167";"?";"whois";"source";"?";"?"
"http://www.indeed.com/forum/cmp/Secure-Innovations%2C-LLC-1.html";"?";"14200000";"?";"13824927";"?";"167";"?";"whois";"source";"?";"?"
"http://www.indeed.com/rc/clk?jk=cf1467e7ea26a815";"?";"14200000";"?";"13824927";"?";"167";"?";"whois";"source";"?";"?"
"http://www.indeed.com/q-Issg-l-St.-Louis-MO-jobs.html";"?";"14200000";"?";"13824927";"?";"167";"?";"whois";"source";"?";"?"
"http://www.indeed.com/l-St.-Louis-MO-jobs.html";"?";"14200000";"?";"13824927";"?";"167";"?";"whois";"source";"?";"?"
"http://www.indeed.com/salary?q1=Web+Application+Engineer&l1=St.+Louis%2C+MO";"?";"14200000";"?";"13824927";"?";"167";"?";"whois";"source";"?";"?"
"http://www.indeed.com/cmp/Issg-Inc.---Information-Systems-Services-Group";"?";"14200000";"?";"13824927";"?";"167";"?";"whois";"source";"?";"?"
"http://www.indeed.com/forum/cmp/Issg%2C-Inc.---Information-Systems-Services-Group.html";"?";"14200000";"?";"13824927";"?";"167";"?";"whois";"source";"?";"?"
"http://www.indeed.com/rc/clk?jk=a7b937399e524056";"?";"14200000";"?";"13824927";"?";"167";"?";"whois";"source";"?";"?"
"http://www.indeed.com/salary?q1=Ceph+Object+Gateway+Developer&l1=Westford%2C+MA";"?";"14200000";"?";"13824927";"?";"167";"?";"whois";"source";"?";"?"
"http://www.indeed.com/rc/clk?jk=03dc4e774eabbce6";"?";"14200000";"?";"13824927";"?";"167";"?";"whois";"source";"?";"?"
"http://www.indeed.com/q-Jana-Mobile-l-Boston-MA-jobs.html";"?";"14200000";"?";"13824927";"?";"167";"?";"whois";"source";"?";"?"
"http://www.indeed.com/forum/cmp/Jana-Mobile.html";"?";"14200000";"?";"13824927";"?";"167";"?";"whois";"source";"?";"?"
"http://www.indeed.com/rc/clk?jk=0425ac41dae6c54d";"?";"14200000";"?";"13824927";"?";"167";"?";"whois";"source";"?";"?"
"http://www.indeed.com/salary?q1=Senior+Principal+Software+Engineer&l1=Boston%2C+MA";"?";"14200000";"?";"13824927";"?";"167";"?";"whois";"source";"?";"?"
"http://www.indeed.com/jobs?q=software+engineer+%28%22contributes+to+open+source%22+or+%22enthusiastic+about+open+source%22+or+%22we+contribute+to+open+source%22+or+%22open+source+stack%22+or+%22passion+for+open+source%22%29&jt=fulltime&limit=100&fromage=7&filter=0";"?";"14200000";"?";"13824927";"?";"167";"?";"whois";"source";"?";"?"
"http://www.indeed.com/tips.jsp";"?";"14200000";"?";"13824927";"?";"167";"?";"whois";"source";"?";"?"
"http://www.indeed.com/q-Trucking-jobs.html";"?";"14200000";"?";"13824927";"?";"167";"?";"whois";"source";"?";"?"
"http://www.indeed.com/promo/gotajob";"?";"14200000";"?";"13824927";"?";"167";"?";"whois";"source";"?";"?"
"http://www.indeed.com/salary";"?";"14200000";"?";"13824927";"?";"167";"?";"whois";"source";"?";"?"
"http://www.indeed.com/jobtrends";"?";"14200000";"?";"13824927";"?";"167";"?";"whois";"source";"?";"?"
"http://www.indeed.com/forum";"?";"14200000";"?";"13824927";"?";"167";"?";"whois";"source";"?";"?"
"http://www.indeed.com/Best-Places-to-Work";"?";"14200000";"?";"13824927";"?";"167";"?";"whois";"source";"?";"?"
"http://www.indeed.com/find-jobs.jsp";"?";"14200000";"?";"13824927";"?";"167";"?";"whois";"source";"?";"?"
"http://www.indeed.com/tools/jobseeker/";"?";"14200000";"?";"13824927";"?";"167";"?";"whois";"source";"?";"?"
"http://www.indeed.com/intl/en/about.html";"?";"14200000";"?";"13824927";"?";"167";"?";"whois";"source";"?";"?"
"http://www.indeed.com/support";"?";"14200000";"?";"13824927";"?";"167";"?";"whois";"source";"?";"?"
"http://www.indeed.com/legal";"?";"14200000";"?";"13824927";"?";"167";"?";"whois";"source";"?";"?"
